relative_path,url
Ak Thaluka/Nuvvunte Chaley.mp3,https://mp3teluguwap.net/mp3/2025/Ak%20Thaluka/Nuvvunte%20Chaley.mp3
Akhanda 2/Akhanda 2 - HQ/Jajikaya Jajikaya.mp3,https://mp3teluguwap.net/mp3/2025/Akhanda%202/Akhanda%202%20-%20HQ/Jajikaya%20Jajikaya.mp3
Akhanda 2/Akhanda 2 - HQ/The Thaandavam.mp3,https://mp3teluguwap.net/mp3/2025/Akhanda%202/Akhanda%202%20-%20HQ/The%20Thaandavam.mp3
Akhanda 2/Akhanda 2/2-Jajikaya Jajikaya.mp3,https://mp3teluguwap.net/mp3/2025/Akhanda%202/Akhanda%202/2-Jajikaya%20Jajikaya.mp3
Akhanda 2/Akhanda 2/The Thaandavam.mp3,https://mp3teluguwap.net/mp3/2025/Akhanda%202/Akhanda%202/The%20Thaandavam.mp3
Anaganaga Oka Roju/Bhimavaram Balma.mp3,https://mp3teluguwap.net/mp3/2025/Anaganaga%20Oka%20Roju/Bhimavaram%20Balma.mp3
Andra King Thaluka/Chalu.mp3,https://mp3teluguwap.net/mp3/2025/Andra%20King%20Thaluka/Chalu.mp3
Andra King Thaluka/Chinni Gundelo.mp3,https://mp3teluguwap.net/mp3/2025/Andra%20King%20Thaluka/Chinni%20Gundelo.mp3
Andra King Thaluka/First Day First Show.mp3,https://mp3teluguwap.net/mp3/2025/Andra%20King%20Thaluka/First%20Day%20First%20Show.mp3
Andra King Thaluka/Padu Padu.mp3,https://mp3teluguwap.net/mp3/2025/Andra%20King%20Thaluka/Padu%20Padu.mp3
Andra King Thaluka/Puppy Shame.mp3,https://mp3teluguwap.net/mp3/2025/Andra%20King%20Thaluka/Puppy%20Shame.mp3
Andra King Thaluka/Untold Emotions.mp3,https://mp3teluguwap.net/mp3/2025/Andra%20King%20Thaluka/Untold%20Emotions.mp3
Arjun Son of Vyjayanthi/Muchataga Bandhaale.mp3,https://mp3teluguwap.net/mp3/2025/Arjun%20Son%20of%20Vyjayanthi/Muchataga%20Bandhaale.mp3
Arjun Son of Vyjayanthi/Nayaaldhi.mp3,https://mp3teluguwap.net/mp3/2025/Arjun%20Son%20of%20Vyjayanthi/Nayaaldhi.mp3
Bhairavam/Bhairavam Theme.mp3,https://mp3teluguwap.net/mp3/2025/Bhairavam/Bhairavam%20Theme.mp3
Bhairavam/Dum Damaare.mp3,https://mp3teluguwap.net/mp3/2025/Bhairavam/Dum%20Damaare.mp3
Bhairavam/Oo Vennela.mp3,https://mp3teluguwap.net/mp3/2025/Bhairavam/Oo%20Vennela.mp3
Biker/Preety Baby.mp3,https://mp3teluguwap.net/mp3/2025/Biker/Preety%20Baby.mp3
Champion/Gira Gira Gingiraagirey.mp3,https://mp3teluguwap.net/mp3/2025/Champion/Gira%20Gira%20Gingiraagirey.mp3
Coolie/Chiku Vibe.mp3,https://mp3teluguwap.net/mp3/2025/Coolie/Chiku%20Vibe.mp3
Coolie/Coolie Telugu/Chikitu.mp3,https://mp3teluguwap.net/mp3/2025/Coolie/Coolie%20Telugu/Chikitu.mp3
Coolie/Coolie Telugu/Monica.mp3,https://mp3teluguwap.net/mp3/2025/Coolie/Coolie%20Telugu/Monica.mp3
Coolie/Coolie Telugu/Power House.mp3,https://mp3teluguwap.net/mp3/2025/Coolie/Coolie%20Telugu/Power%20House.mp3
Coolie/I Am The Danger.mp3,https://mp3teluguwap.net/mp3/2025/Coolie/I%20Am%20The%20Danger.mp3
Coolie/Kokki.mp3,https://mp3teluguwap.net/mp3/2025/Coolie/Kokki.mp3
Coolie/Mobsta.mp3,https://mp3teluguwap.net/mp3/2025/Coolie/Mobsta.mp3
Coolie/Monica.mp3,https://mp3teluguwap.net/mp3/2025/Coolie/Monica.mp3
Coolie/Power House Vibe.mp3,https://mp3teluguwap.net/mp3/2025/Coolie/Power%20House%20Vibe.mp3
Coolie/Power House.mp3,https://mp3teluguwap.net/mp3/2025/Coolie/Power%20House.mp3
Coolie/Uyirnaadi Nanbane.mp3,https://mp3teluguwap.net/mp3/2025/Coolie/Uyirnaadi%20Nanbane.mp3
Daaku Maharaj/Daaku Maharaj - HQ/Chinni.mp3,https://mp3teluguwap.net/mp3/2025/Daaku%20Maharaj/Daaku%20Maharaj%20-%20HQ/Chinni.mp3
Daaku Maharaj/Daaku Maharaj - HQ/Dabidi Dibidi.mp3,https://mp3teluguwap.net/mp3/2025/Daaku%20Maharaj/Daaku%20Maharaj%20-%20HQ/Dabidi%20Dibidi.mp3
Daaku Maharaj/Daaku Maharaj - HQ/The Rage of Daaku.mp3,https://mp3teluguwap.net/mp3/2025/Daaku%20Maharaj/Daaku%20Maharaj%20-%20HQ/The%20Rage%20of%20Daaku.mp3
Daaku Maharaj/Daaku Maharaj/Dabidi Dibidi.mp3,https://mp3teluguwap.net/mp3/2025/Daaku%20Maharaj/Daaku%20Maharaj/Dabidi%20Dibidi.mp3
Daaku Maharaj/Daaku Maharaj/Sukka Neere.mp3,https://mp3teluguwap.net/mp3/2025/Daaku%20Maharaj/Daaku%20Maharaj/Sukka%20Neere.mp3
Daaku Maharaj/Daaku Maharaj/The Rage of Daaku.mp3,https://mp3teluguwap.net/mp3/2025/Daaku%20Maharaj/Daaku%20Maharaj/The%20Rage%20of%20Daaku.mp3
Dude - Telugu/Baagundu Po.mp3,https://mp3teluguwap.net/mp3/2025/Dude%20-%20Telugu/Baagundu%20Po.mp3
Dude - Telugu/Boom Boom (Anthuleni Premani).mp3,https://mp3teluguwap.net/mp3/2025/Dude%20-%20Telugu/Boom%20Boom%20(Anthuleni%20Premani).mp3
Dude - Telugu/Boom Boom (Ringtone).mp3,https://mp3teluguwap.net/mp3/2025/Dude%20-%20Telugu/Boom%20Boom%20(Ringtone).mp3
Dude - Telugu/Boom Boom (Voilen).mp3,https://mp3teluguwap.net/mp3/2025/Dude%20-%20Telugu/Boom%20Boom%20(Voilen).mp3
Dude - Telugu/Boom Boom.mp3,https://mp3teluguwap.net/mp3/2025/Dude%20-%20Telugu/Boom%20Boom.mp3
Dude - Telugu/Nee Gunde Lona.mp3,https://mp3teluguwap.net/mp3/2025/Dude%20-%20Telugu/Nee%20Gunde%20Lona.mp3
Dude - Telugu/Singari.mp3,https://mp3teluguwap.net/mp3/2025/Dude%20-%20Telugu/Singari.mp3
Folk Songs/Hara Hara Shambo Shankara.mp3,https://mp3teluguwap.net/mp3/2025/Folk%20Songs/Hara%20Hara%20Shambo%20Shankara.mp3
Folk Songs/Mangli Shivaratri Song 2025.mp3,https://mp3teluguwap.net/mp3/2025/Folk%20Songs/Mangli%20Shivaratri%20Song%202025.mp3
Folk Songs/Yerra Yerrani Rumalu Gatti.mp3,https://mp3teluguwap.net/mp3/2025/Folk%20Songs/Yerra%20Yerrani%20Rumalu%20Gatti.mp3
Good bad ugly/God Bless U.mp3,https://mp3teluguwap.net/mp3/2025/Good%20bad%20ugly/God%20Bless%20U.mp3
Good bad ugly/OG Sambavam.mp3,https://mp3teluguwap.net/mp3/2025/Good%20bad%20ugly/OG%20Sambavam.mp3
Hara Hara Veera Mallu/Hara Hara Veera Mallu - HQ/Maata Vinaali.mp3,https://mp3teluguwap.net/mp3/2025/Hara%20Hara%20Veera%20Mallu/Hara%20Hara%20Veera%20Mallu%20-%20HQ/Maata%20Vinaali.mp3
Hara Hara Veera Mallu/Hara Hara Veera Mallu - HQ/Taara Taara.mp3,https://mp3teluguwap.net/mp3/2025/Hara%20Hara%20Veera%20Mallu/Hara%20Hara%20Veera%20Mallu%20-%20HQ/Taara%20Taara.mp3
Hara Hara Veera Mallu/Hara Hara Veera Mallu/Asura Hananam.mp3,https://mp3teluguwap.net/mp3/2025/Hara%20Hara%20Veera%20Mallu/Hara%20Hara%20Veera%20Mallu/Asura%20Hananam.mp3
Hara Hara Veera Mallu/Hara Hara Veera Mallu/Evaradi Evaradi.mp3,https://mp3teluguwap.net/mp3/2025/Hara%20Hara%20Veera%20Mallu/Hara%20Hara%20Veera%20Mallu/Evaradi%20Evaradi.mp3
Hara Hara Veera Mallu/Hara Hara Veera Mallu/Puli Meka.mp3,https://mp3teluguwap.net/mp3/2025/Hara%20Hara%20Veera%20Mallu/Hara%20Hara%20Veera%20Mallu/Puli%20Meka.mp3
Hara Hara Veera Mallu/Hara Hara Veera Mallu/Salasala Marige.mp3,https://mp3teluguwap.net/mp3/2025/Hara%20Hara%20Veera%20Mallu/Hara%20Hara%20Veera%20Mallu/Salasala%20Marige.mp3
Hari Hara Veera Mallu (2025)/Hari Hara Veera Mallu (2025) - HQ/Hari Hara Veera Mallu Naa Songs Download Pawan Kalyan Nidhi Aggarwal.jpg,https://mp3teluguwap.net/mp3/2025/Hari%20Hara%20Veera%20Mallu%20(2025)/Hari%20Hara%20Veera%20Mallu%20(2025)%20-%20HQ/Hari%20Hara%20Veera%20Mallu%20Naa%20Songs%20Download%20Pawan%20Kalyan%20Nidhi%20Aggarwal.jpg
Hari Hara Veera Mallu (2025)/Hari Hara Veera Mallu (2025) - HQ/Kollagottinadhiro.mp3,https://mp3teluguwap.net/mp3/2025/Hari%20Hara%20Veera%20Mallu%20(2025)/Hari%20Hara%20Veera%20Mallu%20(2025)%20-%20HQ/Kollagottinadhiro.mp3
Hari Hara Veera Mallu (2025)/Hari Hara Veera Mallu (2025) - HQ/Maata Vinaali.mp3,https://mp3teluguwap.net/mp3/2025/Hari%20Hara%20Veera%20Mallu%20(2025)/Hari%20Hara%20Veera%20Mallu%20(2025)%20-%20HQ/Maata%20Vinaali.mp3
Hit 3/Abki Baar Arjun Sarkaar.mp3,https://mp3teluguwap.net/mp3/2025/Hit%203/Abki%20Baar%20Arjun%20Sarkaar.mp3
Hit 3/Prema Velluva.mp3,https://mp3teluguwap.net/mp3/2025/Hit%203/Prema%20Velluva.mp3
Hit 3/Thanu.mp3,https://mp3teluguwap.net/mp3/2025/Hit%203/Thanu.mp3
Hit/Poratame 3.O.mp3,https://mp3teluguwap.net/mp3/2025/Hit/Poratame%203.O.mp3
Idli Kadai (2025)/Enjaami Thandhaane.mp3,https://mp3teluguwap.net/mp3/2025/Idli%20Kadai%20(2025)/Enjaami%20Thandhaane.mp3
Idli Kadai (2025)/Ethana Saami.mp3,https://mp3teluguwap.net/mp3/2025/Idli%20Kadai%20(2025)/Ethana%20Saami.mp3
Idli Kadai (2025)/Kulasamy Kaaval Kaaka.mp3,https://mp3teluguwap.net/mp3/2025/Idli%20Kadai%20(2025)/Kulasamy%20Kaaval%20Kaaka.mp3
Idli Kadai (2025)/My Heartu Spinning.mp3,https://mp3teluguwap.net/mp3/2025/Idli%20Kadai%20(2025)/My%20Heartu%20Spinning.mp3
Idli Kadai (2025)/Yen Paattan Saami Varum.mp3,https://mp3teluguwap.net/mp3/2025/Idli%20Kadai%20(2025)/Yen%20Paattan%20Saami%20Varum.mp3
Idli Kadai/Enna Sogam.mp3,https://mp3teluguwap.net/mp3/2025/Idli%20Kadai/Enna%20Sogam.mp3
Jack/Kiss.mp3,https://mp3teluguwap.net/mp3/2025/Jack/Kiss.mp3
Jack/Pablo Neruda.mp3,https://mp3teluguwap.net/mp3/2025/Jack/Pablo%20Neruda.mp3
Jagan/Jagan Agenda Song.mp3,https://mp3teluguwap.net/mp3/2025/Jagan/Jagan%20Agenda%20Song.mp3
Jana Nayagan/Jana Nayagan 320 Kbps/Thalapathy Kacheri.mp3,https://mp3teluguwap.net/mp3/2025/Jana%20Nayagan/Jana%20Nayagan%20320%20Kbps/Thalapathy%20Kacheri.mp3
Jana Nayagan/Thalapathy Kacheri.mp3,https://mp3teluguwap.net/mp3/2025/Jana%20Nayagan/Thalapathy%20Kacheri.mp3
Junior/Viral Vayyari.mp3,https://mp3teluguwap.net/mp3/2025/Junior/Viral%20Vayyari.mp3
Kannappa/Love.mp3,https://mp3teluguwap.net/mp3/2025/Kannappa/Love.mp3
Kannappa/Shiva Shiva Shankara.mp3,https://mp3teluguwap.net/mp3/2025/Kannappa/Shiva%20Shiva%20Shankara.mp3
Kantara 2/Brahmakalasha.mp3,https://mp3teluguwap.net/mp3/2025/Kantara%202/Brahmakalasha.mp3
Kantara 2/Rebel.mp3,https://mp3teluguwap.net/mp3/2025/Kantara%202/Rebel.mp3
Karuppu/God Mode.mp3,https://mp3teluguwap.net/mp3/2025/Karuppu/God%20Mode.mp3
Kingdom/Anna Antene.mp3,https://mp3teluguwap.net/mp3/2025/Kingdom/Anna%20Antene.mp3
Kingdom/Hridayam Lopala.mp3,https://mp3teluguwap.net/mp3/2025/Kingdom/Hridayam%20Lopala.mp3
Kingdom/Ragile Ragile.mp3,https://mp3teluguwap.net/mp3/2025/Kingdom/Ragile%20Ragile.mp3
Kishkindhapuri/Undipove Naathone.mp3,https://mp3teluguwap.net/mp3/2025/Kishkindhapuri/Undipove%20Naathone.mp3
Kubera/Anaganaga Kadha.mp3,https://mp3teluguwap.net/mp3/2025/Kubera/Anaganaga%20Kadha.mp3
Kubera/Kubera - Tamil/Kadha Kadha Kadhai.mp3,https://mp3teluguwap.net/mp3/2025/Kubera/Kubera%20-%20Tamil/Kadha%20Kadha%20Kadhai.mp3
Kubera/Kubera - Tamil/Pippi Pippi Dum Dum.mp3,https://mp3teluguwap.net/mp3/2025/Kubera/Kubera%20-%20Tamil/Pippi%20Pippi%20Dum%20Dum.mp3
Kubera/Kubera - Tamil/Poyivaa Nanba.mp3,https://mp3teluguwap.net/mp3/2025/Kubera/Kubera%20-%20Tamil/Poyivaa%20Nanba.mp3
Kubera/Naa Koduka.mp3,https://mp3teluguwap.net/mp3/2025/Kubera/Naa%20Koduka.mp3
Kubera/Poyiraa Mama.mp3,https://mp3teluguwap.net/mp3/2025/Kubera/Poyiraa%20Mama.mp3
Laila/Atak Matak.mp3,https://mp3teluguwap.net/mp3/2025/Laila/Atak%20Matak.mp3
Laila/Icchukundam Baby.mp3,https://mp3teluguwap.net/mp3/2025/Laila/Icchukundam%20Baby.mp3
Laila/Oho Rathamma.mp3,https://mp3teluguwap.net/mp3/2025/Laila/Oho%20Rathamma.mp3
Laila/Sonu Model.mp3,https://mp3teluguwap.net/mp3/2025/Laila/Sonu%20Model.mp3
Lik/Dheema (Vocals Only).mp3,https://mp3teluguwap.net/mp3/2025/Lik/Dheema%20(Vocals%20Only).mp3
Lik/Dheema.mp3,https://mp3teluguwap.net/mp3/2025/Lik/Dheema.mp3
Lik/Pattuma.mp3,https://mp3teluguwap.net/mp3/2025/Lik/Pattuma.mp3
Madharaasi/kkkkkm.mp3,https://mp3teluguwap.net/mp3/2025/Madharaasi/kkkkkm.mp3
Madharaasi/Salambala.mp3,https://mp3teluguwap.net/mp3/2025/Madharaasi/Salambala.mp3
Madharasi 2025/Animal Instinct.mp3,https://mp3teluguwap.net/mp3/2025/Madharasi%202025/Animal%20Instinct.mp3
Madharasi 2025/Madharaasi Flow.mp3,https://mp3teluguwap.net/mp3/2025/Madharasi%202025/Madharaasi%20Flow.mp3
Madharasi 2025/Madharaasi Theme.mp3,https://mp3teluguwap.net/mp3/2025/Madharasi%202025/Madharaasi%20Theme.mp3
Madharasi 2025/Mudinja Thodra.mp3,https://mp3teluguwap.net/mp3/2025/Madharasi%202025/Mudinja%20Thodra.mp3
Madharasi 2025/Thangapoovey.mp3,https://mp3teluguwap.net/mp3/2025/Madharasi%202025/Thangapoovey.mp3
Madharasi 2025/Unadhu Enadhu.mp3,https://mp3teluguwap.net/mp3/2025/Madharasi%202025/Unadhu%20Enadhu.mp3
Madharasi 2025/Usara Uruvi.mp3,https://mp3teluguwap.net/mp3/2025/Madharasi%202025/Usara%20Uruvi.mp3
Madharasi 2025/Vazhiyiraen.mp3,https://mp3teluguwap.net/mp3/2025/Madharasi%202025/Vazhiyiraen.mp3
Mana Shankara Varaprasad Garu/Mana Shankar Vara Prasad Garu (HQ)/Meesaala Pilla.mp3,https://mp3teluguwap.net/mp3/2025/Mana%20Shankara%20Varaprasad%20Garu/Mana%20Shankar%20Vara%20Prasad%20Garu%20(HQ)/Meesaala%20Pilla.mp3
Mana Shankara Varaprasad Garu/Mana Shankar Varaprasad Garu/Meesaala Pilla.mp3,https://mp3teluguwap.net/mp3/2025/Mana%20Shankara%20Varaprasad%20Garu/Mana%20Shankar%20Varaprasad%20Garu/Meesaala%20Pilla.mp3
Mana Shankara Varaprasad Garu/Meesaala Pilla (Promo).mp3,https://mp3teluguwap.net/mp3/2025/Mana%20Shankara%20Varaprasad%20Garu/Meesaala%20Pilla%20(Promo).mp3
Mass Jathara (2025)/Mass Jathara (2025) - HQ/Hudiyo Hudiyo.mp3,https://mp3teluguwap.net/mp3/2025/Mass%20Jathara%20(2025)/Mass%20Jathara%20(2025)%20-%20HQ/Hudiyo%20Hudiyo.mp3
Mass Jathara (2025)/Mass Jathara (2025) - HQ/Ole Ole.mp3,https://mp3teluguwap.net/mp3/2025/Mass%20Jathara%20(2025)/Mass%20Jathara%20(2025)%20-%20HQ/Ole%20Ole.mp3
Mass Jathara (2025)/Mass Jathara (2025) - HQ/Super Duper.mp3,https://mp3teluguwap.net/mp3/2025/Mass%20Jathara%20(2025)/Mass%20Jathara%20(2025)%20-%20HQ/Super%20Duper.mp3
Mass Jathara (2025)/Mass Jathara (2025)/Hudiyo Hudiyo.mp3,https://mp3teluguwap.net/mp3/2025/Mass%20Jathara%20(2025)/Mass%20Jathara%20(2025)/Hudiyo%20Hudiyo.mp3
Mass Jathara (2025)/Mass Jathara (2025)/Ole Ole.mp3,https://mp3teluguwap.net/mp3/2025/Mass%20Jathara%20(2025)/Mass%20Jathara%20(2025)/Ole%20Ole.mp3
Mass Jathara (2025)/Mass Jathara (2025)/Super Duper.mp3,https://mp3teluguwap.net/mp3/2025/Mass%20Jathara%20(2025)/Mass%20Jathara%20(2025)/Super%20Duper.mp3
Mass Jathara/Mass Jathara - HQ/Tu Mera Lover.mp3,https://mp3teluguwap.net/mp3/2025/Mass%20Jathara/Mass%20Jathara%20-%20HQ/Tu%20Mera%20Lover.mp3
Mass Jathara/Mass Jathara/Tu Mera Lover.mp3,https://mp3teluguwap.net/mp3/2025/Mass%20Jathara/Mass%20Jathara/Tu%20Mera%20Lover.mp3
Mazaka/Baby Maa.mp3,https://mp3teluguwap.net/mp3/2025/Mazaka/Baby%20Maa.mp3
Mazaka/Bachelors Anthem.mp3,https://mp3teluguwap.net/mp3/2025/Mazaka/Bachelors%20Anthem.mp3
Mazaka/Pagili.mp3,https://mp3teluguwap.net/mp3/2025/Mazaka/Pagili.mp3
Mazaka/Sommasilli Pothunnave.mp3,https://mp3teluguwap.net/mp3/2025/Mazaka/Sommasilli%20Pothunnave.mp3
mb/GlobeTrotter.mp3,https://mp3teluguwap.net/mp3/2025/mb/GlobeTrotter.mp3
Mirai (2015)/Jaitreya.mp3,https://mp3teluguwap.net/mp3/2025/Mirai%20(2015)/Jaitreya.mp3
Mirai (2015)/The Mother.mp3,https://mp3teluguwap.net/mp3/2025/Mirai%20(2015)/The%20Mother.mp3
Mirai/Vibe Undi.mp3,https://mp3teluguwap.net/mp3/2025/Mirai/Vibe%20Undi.mp3
Mowgli/Sayyare.mp3,https://mp3teluguwap.net/mp3/2025/Mowgli/Sayyare.mp3
Nari Nari Nadumurari/Darsanamey.mp3,https://mp3teluguwap.net/mp3/2025/Nari%20Nari%20Nadumurari/Darsanamey.mp3
OG (2025)/2-Suvvi Suvvi.mp3,https://mp3teluguwap.net/mp3/2025/OG%20(2025)/2-Suvvi%20Suvvi.mp3
OG (2025)/Guns And Roses.mp3,https://mp3teluguwap.net/mp3/2025/OG%20(2025)/Guns%20And%20Roses.mp3
OG (2025)/In The Streets Of Fire.mp3,https://mp3teluguwap.net/mp3/2025/OG%20(2025)/In%20The%20Streets%20Of%20Fire.mp3
OG (2025)/Kiss Kiss Bang Bang.mp3,https://mp3teluguwap.net/mp3/2025/OG%20(2025)/Kiss%20Kiss%20Bang%20Bang.mp3
OG (2025)/Suvvi Suvvi.mp3,https://mp3teluguwap.net/mp3/2025/OG%20(2025)/Suvvi%20Suvvi.mp3
OG (2025)/Trance of OMI.mp3,https://mp3teluguwap.net/mp3/2025/OG%20(2025)/Trance%20of%20OMI.mp3
OG (2025)/Washi O Washi.mp3,https://mp3teluguwap.net/mp3/2025/OG%20(2025)/Washi%20O%20Washi.mp3
OG/Fire Storm.mp3,https://mp3teluguwap.net/mp3/2025/OG/Fire%20Storm.mp3
OG/OG 320 Kbps/Fire Storm.mp3,https://mp3teluguwap.net/mp3/2025/OG/OG%20320%20Kbps/Fire%20Storm.mp3
Parasakthi/Adi Alaye.mp3,https://mp3teluguwap.net/mp3/2025/Parasakthi/Adi%20Alaye.mp3
Parasakthi/Parasakthi - Telugu/Ratnamala.mp3,https://mp3teluguwap.net/mp3/2025/Parasakthi/Parasakthi%20-%20Telugu/Ratnamala.mp3
Parasakthi/Parasakthi - Telugu/Singaaraala Seethaakoka.mp3,https://mp3teluguwap.net/mp3/2025/Parasakthi/Parasakthi%20-%20Telugu/Singaaraala%20Seethaakoka.mp3
Parasakthi/Ratnamala.mp3,https://mp3teluguwap.net/mp3/2025/Parasakthi/Ratnamala.mp3
Peddi/Chikiri Chikiri (Promo)mp3,https://mp3teluguwap.net/mp3/2025/Peddi/Chikiri%20Chikiri%20(Promo)mp3
Peddi/Chikiri Chikiri.mp3,https://mp3teluguwap.net/mp3/2025/Peddi/Chikiri%20Chikiri.mp3
Peddi/Peddi - Hindi/Chikiri Chikiri.mp3,https://mp3teluguwap.net/mp3/2025/Peddi/Peddi%20-%20Hindi/Chikiri%20Chikiri.mp3
Peddi/Peddi - HQ/Chikiri Chikiri.mp3,https://mp3teluguwap.net/mp3/2025/Peddi/Peddi%20-%20HQ/Chikiri%20Chikiri.mp3
Peddi/Peddi/Chikiri Chikiri.mp3,https://mp3teluguwap.net/mp3/2025/Peddi/Peddi/Chikiri%20Chikiri.mp3
Premalu/Are Ningiloni Chukkale (Ringtone).mp3,https://mp3teluguwap.net/mp3/2025/Premalu/Are%20Ningiloni%20Chukkale%20(Ringtone).mp3
Premalu/Chinni Gunde (Female Tone).mp3,https://mp3teluguwap.net/mp3/2025/Premalu/Chinni%20Gunde%20(Female%20Tone).mp3
Premalu/Chitti Guvva.mp3,https://mp3teluguwap.net/mp3/2025/Premalu/Chitti%20Guvva.mp3
Premalu/Premalo (Ringtone).mp3,https://mp3teluguwap.net/mp3/2025/Premalu/Premalo%20(Ringtone).mp3
Premalu/Premalo.mp3,https://mp3teluguwap.net/mp3/2025/Premalu/Premalo.mp3
Premalu/Vela Vela Vennalantha (Ringtone).mp3,https://mp3teluguwap.net/mp3/2025/Premalu/Vela%20Vela%20Vennalantha%20(Ringtone).mp3
Pushpa 2 (2024)/Dammunte Pattukora.mp3,https://mp3teluguwap.net/mp3/2025/Pushpa%202%20(2024)/Dammunte%20Pattukora.mp3
Pushpa 2 (2024)/Pushpa 2 (2024) - HQ.zip,https://mp3teluguwap.net/mp3/2025/Pushpa%202%20(2024)/Pushpa%202%20(2024)%20-%20HQ.zip
Pushpa 2 (2024)/Pushpa 2 (2024) - HQ/Gango Renuka Thalli.mp3,https://mp3teluguwap.net/mp3/2025/Pushpa%202%20(2024)/Pushpa%202%20(2024)%20-%20HQ/Gango%20Renuka%20Thalli.mp3
Pushpa 2 (2024)/Pushpa 2 (2024) - HQ/Kissik.mp3,https://mp3teluguwap.net/mp3/2025/Pushpa%202%20(2024)/Pushpa%202%20(2024)%20-%20HQ/Kissik.mp3
Pushpa 2 (2024)/Pushpa 2 (2024) - HQ/Peelings.mp3,https://mp3teluguwap.net/mp3/2025/Pushpa%202%20(2024)/Pushpa%202%20(2024)%20-%20HQ/Peelings.mp3
Pushpa 2 (2024)/Pushpa 2 (2024) - HQ/Pushpa Pushpa.mp3,https://mp3teluguwap.net/mp3/2025/Pushpa%202%20(2024)/Pushpa%202%20(2024)%20-%20HQ/Pushpa%20Pushpa.mp3
Pushpa 2 (2024)/Pushpa 2 (2024) - HQ/Sooseki.mp3,https://mp3teluguwap.net/mp3/2025/Pushpa%202%20(2024)/Pushpa%202%20(2024)%20-%20HQ/Sooseki.mp3
Pushpa 2 (2024)/Pushpa 2 (2024).zip,https://mp3teluguwap.net/mp3/2025/Pushpa%202%20(2024)/Pushpa%202%20(2024).zip
Pushpa 2 (2024)/Pushpa 2 (2024)/Gango Renuka Thalli.mp3,https://mp3teluguwap.net/mp3/2025/Pushpa%202%20(2024)/Pushpa%202%20(2024)/Gango%20Renuka%20Thalli.mp3
Pushpa 2 (2024)/Pushpa 2 (2024)/Kissik.mp3,https://mp3teluguwap.net/mp3/2025/Pushpa%202%20(2024)/Pushpa%202%20(2024)/Kissik.mp3
Pushpa 2 (2024)/Pushpa 2 (2024)/Peelings.mp3,https://mp3teluguwap.net/mp3/2025/Pushpa%202%20(2024)/Pushpa%202%20(2024)/Peelings.mp3
Pushpa 2 (2024)/Pushpa 2 (2024)/Pushpa Pushpa.mp3,https://mp3teluguwap.net/mp3/2025/Pushpa%202%20(2024)/Pushpa%202%20(2024)/Pushpa%20Pushpa.mp3
Pushpa 2 (2024)/Pushpa 2 (2024)/Sooseki.mp3,https://mp3teluguwap.net/mp3/2025/Pushpa%202%20(2024)/Pushpa%202%20(2024)/Sooseki.mp3
Pushpa 2 (2024)/Pushpa 2 - OST/Emotional Theme.mp3,https://mp3teluguwap.net/mp3/2025/Pushpa%202%20(2024)/Pushpa%202%20-%20OST/Emotional%20Theme.mp3
Pushpa 2 (2024)/Pushpa 2 - OST/Final Battle.mp3,https://mp3teluguwap.net/mp3/2025/Pushpa%202%20(2024)/Pushpa%202%20-%20OST/Final%20Battle.mp3
Pushpa 2 (2024)/Pushpa 2 - OST/Pushpa Vs Shekhawat.mp3,https://mp3teluguwap.net/mp3/2025/Pushpa%202%20(2024)/Pushpa%202%20-%20OST/Pushpa%20Vs%20Shekhawat.mp3
Pushpa 2 (2024)/Pushpa 2 - OST/PushpaS Entry Theme.mp3,https://mp3teluguwap.net/mp3/2025/Pushpa%202%20(2024)/Pushpa%202%20-%20OST/PushpaS%20Entry%20Theme.mp3
Pushpa 2 (2024)/Pushpa 2 - OST/PushpaS Power Theme.mp3,https://mp3teluguwap.net/mp3/2025/Pushpa%202%20(2024)/Pushpa%202%20-%20OST/PushpaS%20Power%20Theme.mp3
Pushpa 2 (2024)/Pushpa 2 - OST/PushpaS Thandav.mp3,https://mp3teluguwap.net/mp3/2025/Pushpa%202%20(2024)/Pushpa%202%20-%20OST/PushpaS%20Thandav.mp3
Pushpa 2 (2024)/Pushpa 2 - OST/Shekhawat Theme.mp3,https://mp3teluguwap.net/mp3/2025/Pushpa%202%20(2024)/Pushpa%202%20-%20OST/Shekhawat%20Theme.mp3
Raju Weds RAmbai/Ala Ala.mp3,https://mp3teluguwap.net/mp3/2025/Raju%20Weds%20RAmbai/Ala%20Ala.mp3
Raju Weds RAmbai/Rambai Neemeedha Naku.mp3,https://mp3teluguwap.net/mp3/2025/Raju%20Weds%20RAmbai/Rambai%20Neemeedha%20Naku.mp3
Retro (2025)/Kanimaa.mp3,https://mp3teluguwap.net/mp3/2025/Retro%20(2025)/Kanimaa.mp3
Retro (2025)/Kannadi Poove.mp3,https://mp3teluguwap.net/mp3/2025/Retro%20(2025)/Kannadi%20Poove.mp3
Retro (2025)/The One.mp3,https://mp3teluguwap.net/mp3/2025/Retro%20(2025)/The%20One.mp3
Sankranthiki Vasthunnam (2025)/Sankranthiki Vasthunnam (2025) - HQ.zip,https://mp3teluguwap.net/mp3/2025/Sankranthiki%20Vasthunnam%20(2025)/Sankranthiki%20Vasthunnam%20(2025)%20-%20HQ.zip
Sankranthiki Vasthunnam (2025)/Sankranthiki Vasthunnam (2025).zip,https://mp3teluguwap.net/mp3/2025/Sankranthiki%20Vasthunnam%20(2025)/Sankranthiki%20Vasthunnam%20(2025).zip
Sankranthiki Vasthunnam (2025)/Sankranthiki Vasthunnam (2025)/Blockbuster Pongal.mp3,https://mp3teluguwap.net/mp3/2025/Sankranthiki%20Vasthunnam%20(2025)/Sankranthiki%20Vasthunnam%20(2025)/Blockbuster%20Pongal.mp3
Sankranthiki Vasthunnam (2025)/Sankranthiki Vasthunnam (2025)/Chinna Raju.mp3,https://mp3teluguwap.net/mp3/2025/Sankranthiki%20Vasthunnam%20(2025)/Sankranthiki%20Vasthunnam%20(2025)/Chinna%20Raju.mp3
Sankranthiki Vasthunnam (2025)/Sankranthiki Vasthunnam (2025)/Godari Gattu.mp3,https://mp3teluguwap.net/mp3/2025/Sankranthiki%20Vasthunnam%20(2025)/Sankranthiki%20Vasthunnam%20(2025)/Godari%20Gattu.mp3
Sankranthiki Vasthunnam (2025)/Sankranthiki Vasthunnam (2025)/Guruvarya.mp3,https://mp3teluguwap.net/mp3/2025/Sankranthiki%20Vasthunnam%20(2025)/Sankranthiki%20Vasthunnam%20(2025)/Guruvarya.mp3
Sankranthiki Vasthunnam (2025)/Sankranthiki Vasthunnam (2025)/Lallayire.mp3,https://mp3teluguwap.net/mp3/2025/Sankranthiki%20Vasthunnam%20(2025)/Sankranthiki%20Vasthunnam%20(2025)/Lallayire.mp3
Sankranthiki Vasthunnam (2025)/Sankranthiki Vasthunnam (2025)/Meenu.mp3,https://mp3teluguwap.net/mp3/2025/Sankranthiki%20Vasthunnam%20(2025)/Sankranthiki%20Vasthunnam%20(2025)/Meenu.mp3
Sankranthiki Vasthunnam (2025)/Sankranthiki Vasthunnam - HQ/Blockbuster Pongal.mp3,https://mp3teluguwap.net/mp3/2025/Sankranthiki%20Vasthunnam%20(2025)/Sankranthiki%20Vasthunnam%20-%20HQ/Blockbuster%20Pongal.mp3
Sankranthiki Vasthunnam (2025)/Sankranthiki Vasthunnam - HQ/Godari Gattu.mp3,https://mp3teluguwap.net/mp3/2025/Sankranthiki%20Vasthunnam%20(2025)/Sankranthiki%20Vasthunnam%20-%20HQ/Godari%20Gattu.mp3
Sankranthiki Vasthunnam (2025)/Sankranthiki Vasthunnam - HQ/Meenu.mp3,https://mp3teluguwap.net/mp3/2025/Sankranthiki%20Vasthunnam%20(2025)/Sankranthiki%20Vasthunnam%20-%20HQ/Meenu.mp3
Telusu Kada (2025)/Babai.mp3,https://mp3teluguwap.net/mp3/2025/Telusu%20Kada%20(2025)/Babai.mp3
Telusu Kada (2025)/Sogasu Chudatharama.mp3,https://mp3teluguwap.net/mp3/2025/Telusu%20Kada%20(2025)/Sogasu%20Chudatharama.mp3
Thammdu/Bhuu Antuu Bhuutham.mp3,https://mp3teluguwap.net/mp3/2025/Thammdu/Bhuu%20Antuu%20Bhuutham.mp3
Thammdu/Jai Bagalaamukhii.mp3,https://mp3teluguwap.net/mp3/2025/Thammdu/Jai%20Bagalaamukhii.mp3
The Raja Saab/The Raja Saab - HQ/Rebel Saab.mp3,https://mp3teluguwap.net/mp3/2025/The%20Raja%20Saab/The%20Raja%20Saab%20-%20HQ/Rebel%20Saab.mp3
The Raja Saab/The Raja Saab/Rebel Saab.mp3,https://mp3teluguwap.net/mp3/2025/The%20Raja%20Saab/The%20Raja%20Saab/Rebel%20Saab.mp3
Thelusu Kadha/Mallika Gandha.mp3,https://mp3teluguwap.net/mp3/2025/Thelusu%20Kadha/Mallika%20Gandha.mp3
They Call Him OG/Suvvi Suvvi.mp3,https://mp3teluguwap.net/mp3/2025/They%20Call%20Him%20OG/Suvvi%20Suvvi.mp3
Thug Life (2025).zip,https://mp3teluguwap.net/mp3/2025/Thug%20Life%20(2025).zip
Thug life 2025/Anju Vanna Poove (Reprise).mp3,https://mp3teluguwap.net/mp3/2025/Thug%20life%202025/Anju%20Vanna%20Poove%20(Reprise).mp3
Thug life 2025/Anju Vanna Poove.mp3,https://mp3teluguwap.net/mp3/2025/Thug%20life%202025/Anju%20Vanna%20Poove.mp3
Thug life 2025/Engeyo.mp3,https://mp3teluguwap.net/mp3/2025/Thug%20life%202025/Engeyo.mp3
Thug life 2025/Jinguchaa.mp3,https://mp3teluguwap.net/mp3/2025/Thug%20life%202025/Jinguchaa.mp3
Thug life 2025/Lets Play.mp3,https://mp3teluguwap.net/mp3/2025/Thug%20life%202025/Lets%20Play.mp3
Thug life 2025/Muththa Mazhai.mp3,https://mp3teluguwap.net/mp3/2025/Thug%20life%202025/Muththa%20Mazhai.mp3
Thug life 2025/O Maara.mp3,https://mp3teluguwap.net/mp3/2025/Thug%20life%202025/O%20Maara.mp3
Thug life 2025/Sugar Baby.mp3,https://mp3teluguwap.net/mp3/2025/Thug%20life%202025/Sugar%20Baby.mp3
Thug life 2025/Vinveli Nayaga.mp3,https://mp3teluguwap.net/mp3/2025/Thug%20life%202025/Vinveli%20Nayaga.mp3
Thug Life/Jinguchaa.mp3,https://mp3teluguwap.net/mp3/2025/Thug%20Life/Jinguchaa.mp3
Vidaamuyarchi/Pathikichu.mp3,https://mp3teluguwap.net/mp3/2025/Vidaamuyarchi/Pathikichu.mp3
Vidaamuyarchi/Sawadeeka.mp3,https://mp3teluguwap.net/mp3/2025/Vidaamuyarchi/Sawadeeka.mp3
Vidaamuyarchi/Thaniye.mp3,https://mp3teluguwap.net/mp3/2025/Vidaamuyarchi/Thaniye.mp3
Vishwambhara/Vishwambhara - HQ/Rama Raama.mp3,https://mp3teluguwap.net/mp3/2025/Vishwambhara/Vishwambhara%20-%20HQ/Rama%20Raama.mp3
Vishwambhara/Vishwambhara/Rama Raama.mp3,https://mp3teluguwap.net/mp3/2025/Vishwambhara/Vishwambhara/Rama%20Raama.mp3
War 2 (2025)/Salam Anali.mp3,https://mp3teluguwap.net/mp3/2025/War%202%20(2025)/Salam%20Anali.mp3
War 2 (2025)/War 2 Hindi/2-Janaab E Aali.mp3,https://mp3teluguwap.net/mp3/2025/War%202%20(2025)/War%202%20Hindi/2-Janaab%20E%20Aali.mp3
War 2 (2025)/War 2 Hindi/Janaab E Aali.mp3,https://mp3teluguwap.net/mp3/2025/War%202%20(2025)/War%202%20Hindi/Janaab%20E%20Aali.mp3
War 2 (2025)/War 2 Hindi/Jeete Jeete.mp3,https://mp3teluguwap.net/mp3/2025/War%202%20(2025)/War%202%20Hindi/Jeete%20Jeete.mp3
War 2 (2025)/War 2 Hindi/Kabir Theme Reloaded.mp3,https://mp3teluguwap.net/mp3/2025/War%202%20(2025)/War%202%20Hindi/Kabir%20Theme%20Reloaded.mp3
War 2 (2025)/War 2 Hindi/Raghu and Kaboo Theme.mp3,https://mp3teluguwap.net/mp3/2025/War%202%20(2025)/War%202%20Hindi/Raghu%20and%20Kaboo%20Theme.mp3
War 2 (2025)/War 2 Hindi/Shaitan.mp3,https://mp3teluguwap.net/mp3/2025/War%202%20(2025)/War%202%20Hindi/Shaitan.mp3
War 2 (2025)/War 2 Hindi/Tripping High.mp3,https://mp3teluguwap.net/mp3/2025/War%202%20(2025)/War%202%20Hindi/Tripping%20High.mp3
War 2 (2025)/War 2 Hindi/War Theme.mp3,https://mp3teluguwap.net/mp3/2025/War%202%20(2025)/War%202%20Hindi/War%20Theme.mp3
War 2 (2025)/War 2 Telugu/Kabir Theme Reloaded.mp3,https://mp3teluguwap.net/mp3/2025/War%202%20(2025)/War%202%20Telugu/Kabir%20Theme%20Reloaded.mp3
War 2 (2025)/War 2 Telugu/Nuvvunte Naatho.mp3,https://mp3teluguwap.net/mp3/2025/War%202%20(2025)/War%202%20Telugu/Nuvvunte%20Naatho.mp3
War 2 (2025)/War 2 Telugu/Raghu Kaboo Theme.mp3,https://mp3teluguwap.net/mp3/2025/War%202%20(2025)/War%202%20Telugu/Raghu%20Kaboo%20Theme.mp3
War 2 (2025)/War 2 Telugu/Shaitan.mp3,https://mp3teluguwap.net/mp3/2025/War%202%20(2025)/War%202%20Telugu/Shaitan.mp3
War 2 (2025)/War 2 Telugu/Tripping High.mp3,https://mp3teluguwap.net/mp3/2025/War%202%20(2025)/War%202%20Telugu/Tripping%20High.mp3
War 2 (2025)/War 2 Telugu/War Theme 2.o.mp3,https://mp3teluguwap.net/mp3/2025/War%202%20(2025)/War%202%20Telugu/War%20Theme%202.o.mp3
War 2/Oopiri Ooyalaga.mp3,https://mp3teluguwap.net/mp3/2025/War%202/Oopiri%20Ooyalaga.mp3
War 2/War 2 - Hindi/Aavan Jaavan.mp3,https://mp3teluguwap.net/mp3/2025/War%202/War%202%20-%20Hindi/Aavan%20Jaavan.mp3
